date,temperature_2m_mean,temperature_2m_median,wind_speed_10m_mean,wind_speed_10m_median,wind_speed_100m_mean,wind_speed_100m_median,wind_direction_10m_mean,wind_direction_10m_median,wind_direction_100m_mean,wind_direction_100m_median,wind_gusts_10m_mean,wind_gusts_10m_median,rain_mean,rain_median,wind_speed_200m_mean,wind_speed_200m_median,wind_direction_200m_mean,wind_direction_200m_median,alpha_shear_mean,alpha_shear_median
2026-05-17 00:00:00-06:00,29.225,29.225,6.9351563,6.9351563,12.441697,12.441697,347.71948,347.71948,345.27072,345.27072,14.4,14.4,0.0,0.0,14.840915230691156,14.840915230691156,345.27072,345.27072,0.2560140516629299,0.2560140516629299
2026-05-17 01:00:00-06:00,28.5,28.5,5.25397,5.25397,10.503916,10.503916,346.2796,346.2796,340.45544,340.45544,13.139999,13.139999,0.0,0.0,12.941183055011688,12.941183055011688,340.45544,340.45544,0.3000218545118871,0.3000218545118871
2026-05-17 02:00:00-06:00,28.15,28.15,4.8444815,4.8444815,11.374224,11.374224,305.0672,305.0672,309.78497,309.78497,9.360001,9.360001,0.0,0.0,14.70780794259289,14.70780794259289,309.78497,309.78497,0.37197565692761353,0.37197565692761353
2026-05-17 03:00:00-06:00,27.925,27.925,4.630236,4.630236,10.9595585,10.9595585,323.1651,323.1651,316.02136,316.02136,10.08,10.08,0.0,0.0,14.206176688382499,14.206176688382499,316.02136,316.02136,0.3730649773035455,0.3730649773035455
2026-05-17 04:00:00-06:00,27.4,27.4,2.8929038,2.8929038,5.7520924,5.7520924,66.361244,66.361244,194.62976,194.62976,8.459999,8.459999,0.0,0.0,7.081909838744064,7.081909838744064,194.62976,194.62976,0.2909917415505892,0.2909917415505892
2026-05-17 05:00:00-06:00,27.675,27.675,5.3787785,5.3787785,9.36942,9.36942,101.841095,101.841095,88.366585,88.366585,10.62,10.62,0.0,0.0,11.166758659468552,11.166758659468552,88.366585,88.366585,0.245770229776422,0.245770229776422
2026-05-17 06:00:00-06:00,27.75,27.75,3.047608,3.047608,4.896832,4.896832,256.71747,256.71747,89.34436,89.34436,9.539999,9.539999,0.0,0.0,6.125925034425433,6.125925034425433,89.34436,89.34436,0.28364349621801466,0.28364349621801466
2026-05-17 07:00:00-06:00,29.425,29.425,3.2787404,3.2787404,4.1582837,4.1582837,346.01984,346.01984,355.2155,355.2155,11.699999,11.699999,0.0,0.0,4.467429571284887,4.467429571284887,355.2155,355.2155,0.10223379737324265,0.10223379737324265
2026-05-17 08:00:00-06:00,31.65,31.65,4.2709107,4.2709107,5.7025557,5.7025557,316.6803,316.6803,322.62766,322.62766,16.38,16.38,0.0,0.0,6.221241360745825,6.221241360745825,322.62766,322.62766,0.12548533775590903,0.12548533775590903
2026-05-17 09:00:00-06:00,33.7,33.7,7.022524,7.022524,8.892277,8.892277,290.9192,290.9192,299.82007,299.82007,22.5,22.5,0.0,0.0,9.54737609325547,9.54737609325547,299.82007,299.82007,0.103199816410566,0.103199816410566
2026-05-17 10:00:00-06:00,35.05,35.05,7.970213,7.970213,9.29438,9.29438,245.66493,245.66493,256.2014,256.2014,24.84,24.84,0.0,0.0,9.734650480764998,9.734650480764998,256.2014,256.2014,0.06576878387521232,0.06576878387521232
2026-05-17 11:00:00-06:00,34.6,34.6,16.433247,16.433247,19.669722,19.669722,215.35843,215.35843,218.63272,218.63272,37.62,37.62,0.0,0.0,20.763535187357594,20.763535187357594,218.63272,218.63272,0.07809029447287538,0.07809029447287538
2026-05-17 12:00:00-06:00,33.550003,33.550003,21.248955,21.248955,27.279678,27.279678,211.15558,211.15558,212.95894,212.95894,47.519997,47.519997,0.15,0.15,29.411115744441297,29.411115744441297,212.95894,212.95894,0.10854810985403185,0.10854810985403185
2026-05-17 13:00:00-06:00,33.85,33.85,16.09025,16.09025,19.899939,19.899939,213.50354,213.50354,214.20464,214.20464,47.16,47.16,0.0,0.0,21.214630602091194,21.214630602091194,214.20464,214.20464,0.09205225389077079,0.09205225389077079
2026-05-17 14:00:00-06:00,33.65,33.65,10.956099,10.956099,13.312355,13.312355,230.35928,230.35928,228.98953,228.98953,38.34,38.34,0.1,0.1,14.116664759984175,14.116664759984175,228.98953,228.98953,0.08453890012157184,0.08453890012157184
2026-05-17 15:00:00-06:00,33.625,33.625,10.425073,10.425073,12.654757,12.654757,241.15433,241.15433,244.5763,244.5763,29.88,29.88,0.05,0.05,13.416284200479552,13.416284200479552,244.5763,244.5763,0.08234691838878408,0.08234691838878408
2026-05-17 16:00:00-06:00,33.175,33.175,10.650772,10.650772,12.933208,12.933208,251.52223,251.52223,255.9374,255.9374,27.899998,27.899998,0.1,0.1,13.71197429140539,13.71197429140539,255.9374,255.9374,0.08388046463133965,0.08388046463133965
2026-05-17 17:00:00-06:00,31.775002,31.775002,9.317481,9.317481,11.332089,11.332089,239.1098,239.1098,240.7237,240.7237,26.64,26.64,0.05,0.05,12.020643073709673,12.020643073709673,240.7237,240.7237,0.08492818949192459,0.08492818949192459
2026-05-17 18:00:00-06:00,30.675,30.675,5.7789946,5.7789946,6.977274,6.977274,225.91928,225.91928,227.24335,227.24335,23.04,23.04,0.2,0.2,7.385152145581024,7.385152145581024,227.24335,227.24335,0.08129693174171704,0.08129693174171704
2026-05-17 19:00:00-06:00,30.075,30.075,4.359741,4.359741,5.4803457,5.4803457,237.11386,237.11386,238.04883,238.04883,13.86,13.86,0.05,0.05,5.871771815032962,5.871771815032962,238.04883,238.04883,0.10210794303100831,0.10210794303100831
2026-05-17 20:00:00-06:00,29.9,29.9,3.1708918,3.1708918,4.280118,4.280118,237.27524,237.27524,234.57114,234.57114,9.719999,9.719999,0.0,0.0,4.689261541599052,4.689261541599052,234.57114,234.57114,0.14139515157509575,0.14139515157509575
2026-05-17 21:00:00-06:00,29.625,29.625,3.7235692,3.7235692,4.614237,4.614237,293.22208,293.22208,297.4256,297.4256,8.28,8.28,0.0,0.0,5.119125741739712,5.119125741739712,297.4256,297.4256,0.14824143167131137,0.14824143167131137
2026-05-17 22:00:00-06:00,29.1,29.1,6.9022627,6.9022627,10.156193,10.156193,169.59877,169.59877,172.98195,172.98195,12.779999,12.779999,0.0,0.0,11.421365093772149,11.421365093772149,172.98195,172.98195,0.1658113922734471,0.1658113922734471
2026-05-17 23:00:00-06:00,28.650002,28.650002,3.4874442,3.4874442,6.906125,6.906125,16.739103,16.739103,195.4447,195.4447,13.139999,13.139999,0.0,0.0,8.498340953356935,8.498340953356935,195.4447,195.4447,0.29398452189214064,0.29398452189214064
2026-05-18 00:00:00-06:00,28.099998,28.099998,1.5167782,1.5167782,3.04736,3.04736,186.16962,186.16962,27.016502,27.016502,6.66,6.66,0.0,0.0,3.7704367697780947,3.7704367697780947,27.016502,27.016502,0.31481974950479696,0.31481974950479696
2026-05-18 01:00:00-06:00,27.625,27.625,1.2738963,1.2738963,2.3506842,2.3506842,126.175,126.175,120.73526,120.73526,3.4199998,3.4199998,0.0,0.0,2.8513263791705636,2.8513263791705636,120.73526,120.73526,0.28250797136519823,0.28250797136519823
2026-05-18 02:00:00-06:00,27.325,27.325,1.2074767,1.2074767,2.6342363,2.6342363,53.1301,53.1301,129.69028,129.69028,2.8799999,2.8799999,0.0,0.0,3.02550423580242,3.02550423580242,129.69028,129.69028,0.18634810739433913,0.18634810739433913
2026-05-18 03:00:00-06:00,27.075,27.075,3.533885,3.533885,3.4516015,3.4516015,30.849611,30.849611,51.978622,51.978622,6.4799995,6.4799995,0.0,0.0,3.742191380229838,3.742191380229838,51.978622,51.978622,0.12095263153978691,0.12095263153978691
2026-05-18 04:00:00-06:00,26.8,26.8,5.3133326,5.3133326,7.325603,7.325603,29.343056,29.343056,45.347267,45.347267,9.54,9.54,0.0,0.0,8.069676311231595,8.069676311231595,45.347267,45.347267,0.13907679778070725,0.13907679778070725
2026-05-18 05:00:00-06:00,26.525,26.525,4.8137226,4.8137226,7.707821,7.707821,20.21297,20.21297,44.134995,44.134995,9.719999,9.719999,0.0,0.0,8.889025224466451,8.889025224466451,44.134995,44.134995,0.20084757797802144,0.20084757797802144
2026-05-18 06:00:00-06:00,26.650002,26.650002,3.9794736,3.9794736,7.0842943,7.0842943,25.210361,25.210361,48.4935,48.4935,8.639999,8.639999,0.0,0.0,8.428100602374915,8.428100602374915,48.4935,48.4935,0.2509702742793091,0.2509702742793091
2026-05-18 07:00:00-06:00,28.975,28.975,2.8379521,2.8379521,5.867282,5.867282,50.6549,50.6549,57.528828,57.528828,11.16,11.16,0.0,0.0,7.348855805984442,7.348855805984442,57.528828,57.528828,0.33893211482101915,0.33893211482101915
2026-05-18 08:00:00-06:00,31.675,31.675,3.640998,3.640998,4.4178114,4.4178114,114.98065,114.98065,103.794785,103.794785,14.939999,14.939999,0.0,0.0,4.683489949833424,4.683489949833424,103.794785,103.794785,0.08339970395617592,0.08339970395617592
2026-05-18 09:00:00-06:00,33.65,33.65,4.885743,4.885743,5.5789585,5.5789585,149.22717,149.22717,138.89474,138.89474,18.54,18.54,0.0,0.0,5.806755158469906,5.806755158469906,138.89474,138.89474,0.056868943667366695,0.056868943667366695
2026-05-18 10:00:00-06:00,34.9,34.9,9.5275135,9.5275135,10.950056,10.950056,169.65012,169.65012,163.9382,163.9382,26.099998,26.099998,0.0,0.0,11.42013530638339,11.42013530638339,163.9382,163.9382,0.06007567153709746,0.06007567153709746
2026-05-18 11:00:00-06:00,34.875,34.875,15.819094,15.819094,19.10336,19.10336,180.67578,180.67578,178.62012,178.62012,37.26,37.26,0.0,0.0,20.219795268213616,20.219795268213616,178.62012,178.62012,0.08201219340390754,0.08201219340390754
2026-05-18 12:00:00-06:00,34.6,34.6,17.507275,17.507275,22.031849,22.031849,185.86519,185.86519,185.12006,185.12006,41.76,41.76,0.0,0.0,23.610411774455798,23.610411774455798,185.12006,185.12006,0.09983807365528644,0.09983807365528644
2026-05-18 13:00:00-06:00,34.074997,34.074997,17.579597,17.579597,22.287598,22.287598,193.3309,193.3309,193.08781,193.08781,41.4,41.4,0.0,0.0,23.937891470189655,23.937891470189655,193.08781,193.08781,0.10305639196733327,0.10305639196733327
2026-05-18 14:00:00-06:00,34.1,34.1,14.488456,14.488456,18.277493,18.277493,200.99365,200.99365,200.34723,200.34723,41.22,41.22,0.0,0.0,19.601674657113048,19.601674657113048,200.34723,200.34723,0.10105987841708915,0.10105987841708915
2026-05-18 15:00:00-06:00,33.275,33.275,13.040035,13.040035,16.154593,16.154593,212.55505,212.55505,213.94388,213.94388,35.64,35.64,0.15,0.15,17.231421883478617,17.231421883478617,213.94388,213.94388,0.09254709006120948,0.09254709006120948
2026-05-18 16:00:00-06:00,32.55,32.55,9.667883,9.667883,11.800953,11.800953,224.40158,224.40158,227.09514,227.09514,31.5,31.5,0.14999999,0.14999999,12.530991651095949,12.530991651095949,227.09514,227.09514,0.08675729848503191,0.08675729848503191
2026-05-18 17:00:00-06:00,31.8,31.8,10.13183,10.13183,12.77397,12.77397,234.9452,234.9452,236.96967,236.96967,25.56,25.56,0.2,0.2,13.696857798322707,13.696857798322707,236.96967,236.96967,0.10064887395506047,0.10064887395506047
2026-05-18 18:00:00-06:00,30.95,30.95,11.187403,11.187403,14.6331835,14.6331835,243.45277,243.45277,243.93524,243.93524,24.3,24.3,0.05,0.05,15.865076204897118,15.865076204897118,243.93524,243.93524,0.11657300595047515,0.11657300595047515
2026-05-18 19:00:00-06:00,30.45,30.45,10.952508,10.952508,14.987463,14.987463,241.09883,241.09883,241.77728,241.77728,23.399998,23.399998,0.0,0.0,16.471489421515287,16.471489421515287,241.77728,241.77728,0.13623508795028155,0.13623508795028155
2026-05-18 20:00:00-06:00,30.45,30.45,9.664004,9.664004,13.743982,13.743982,244.62796,244.62796,244.79962,244.79962,21.96,21.96,0.0,0.0,15.281373149298823,15.281373149298823,244.79962,244.79962,0.15294272025612893,0.15294272025612893
2026-05-18 21:00:00-06:00,30.425,30.425,6.978223,6.978223,10.505472,10.505472,263.29675,263.29675,263.6151,263.6151,18.54,18.54,0.0,0.0,11.88228839110471,11.88228839110471,263.6151,263.6151,0.1777007398657245,0.1777007398657245
2026-05-18 22:00:00-06:00,30.125,30.125,4.3140116,4.3140116,7.7061625,7.7061625,280.73376,280.73376,284.20544,284.20544,12.779999,12.779999,0.0,0.0,9.177676741830913,9.177676741830913,284.20544,284.20544,0.25216671079215647,0.25216671079215647
2026-05-18 23:00:00-06:00,29.650002,29.650002,2.6065946,2.6065946,5.7417045,5.7417045,296.4001,296.4001,293.9561,293.9561,8.1,8.1,0.0,0.0,7.284897359443638,7.284897359443638,293.9561,293.9561,0.3439966268652657,0.3439966268652657
2026-05-19 00:00:00-06:00,29.150002,29.150002,2.898573,2.898573,5.5726686,5.5726686,314.10507,314.10507,310.377,310.377,4.8599997,4.8599997,0.0,0.0,6.799545867374844,6.799545867374844,310.377,310.377,0.2865594166246966,0.2865594166246966
2026-05-19 01:00:00-06:00,28.675,28.675,3.7781596,3.7781596,6.8087234,6.8087234,342.30115,342.30115,335.74997,335.74997,6.66,6.66,0.0,0.0,8.21779449250706,8.21779449250706,335.74997,335.74997,0.26106037234293833,0.26106037234293833
2026-05-19 02:00:00-06:00,28.224998,28.224998,5.5997124,5.5997124,8.751074,8.751074,181.37451,181.37451,351.5807,351.5807,10.08,10.08,0.0,0.0,10.041441571303562,10.041441571303562,351.5807,351.5807,0.19563731498913928,0.19563731498913928
2026-05-19 03:00:00-06:00,27.8,27.8,6.574996,6.574996,10.376261,10.376261,189.72006,189.72006,3.9551759,3.9551759,12.059999,12.059999,0.0,0.0,11.90762746118917,11.90762746118917,3.9551759,3.9551759,0.19802145797201753,0.19802145797201753
2026-05-19 04:00:00-06:00,27.45,27.45,7.124344,7.124344,11.959933,11.959933,26.235722,26.235722,24.493767,24.493767,12.42,12.42,0.0,0.0,13.98197967245002,13.98197967245002,24.493767,24.493767,0.2249631466828235,0.2249631466828235
2026-05-19 05:00:00-06:00,27.15,27.15,6.393929,6.393929,11.975071,11.975071,34.116222,34.116222,38.258217,38.258217,12.779999,12.779999,0.0,0.0,14.476732439323193,14.476732439323193,38.258217,38.258217,0.27340685966428585,0.27340685966428585
2026-05-19 06:00:00-06:00,27.175,27.175,6.156853,6.156853,11.7865925,11.7865925,185.03026,185.03026,23.24824,23.24824,11.699999,11.699999,0.0,0.0,14.379191656380904,14.379191656380904,23.24824,23.24824,0.28842540665117034,0.28842540665117034
2026-05-19 07:00:00-06:00,29.225,29.225,3.1739943,3.1739943,7.9526296,7.9526296,192.16046,192.16046,19.1281,19.1281,12.599999,12.599999,0.0,0.0,10.49516000770026,10.49516000770026,19.1281,19.1281,0.4005916630124548,0.4005916630124548
2026-05-19 08:00:00-06:00,31.925,31.925,4.4133687,4.4133687,5.8608913,5.8608913,180.9594,180.9594,179.23622,179.23622,16.919998,16.919998,0.0,0.0,6.383685949340639,6.383685949340639,179.23622,179.23622,0.12256290253327196,0.12256290253327196
2026-05-19 09:00:00-06:00,34.025,34.025,0.40249225,0.40249225,0.66015786,0.66015786,225.0,225.0,341.06256,341.06256,17.279999,17.279999,0.0,0.0,0.7289455636666167,0.7289455636666167,341.06256,341.06256,0.143,0.143
2026-05-19 10:00:00-06:00,34.9,34.9,10.418783,10.418783,11.933056,11.933056,178.85364,178.85364,175.58917,175.58917,26.82,26.82,0.05,0.05,12.431023713937586,12.431023713937586,175.58917,175.58917,0.05897712928495088,0.05897712928495088
2026-05-19 11:00:00-06:00,34.175,34.175,16.198633,16.198633,19.530209,19.530209,198.55408,198.55408,198.43242,198.43242,37.98,37.98,0.15,0.15,20.662201175338197,20.662201175338197,198.43242,198.43242,0.08084827290301833,0.08084827290301833
2026-05-19 12:00:00-06:00,34.375,34.375,17.019321,17.019321,21.192532,21.192532,207.94678,207.94678,207.048,207.048,40.5,40.5,0.0,0.0,22.638941530509264,22.638941530509264,207.048,207.048,0.09532926540024117,0.09532926540024117
2026-05-19 13:00:00-06:00,34.225,34.225,17.511631,17.511631,21.937006,21.937006,212.80817,212.80817,213.4126,213.4126,41.039997,41.039997,0.0,0.0,23.476829736912862,23.476829736912862,213.4126,213.4126,0.09758882245333286,0.09758882245333286
2026-05-19 14:00:00-06:00,33.625,33.625,16.945278,16.945278,21.63541,21.63541,223.51218,223.51218,223.95444,223.95444,41.039997,41.039997,0.05,0.05,23.287708086727456,23.287708086727456,223.95444,223.95444,0.10548386806118215,0.10548386806118215
2026-05-19 15:00:00-06:00,33.3,33.3,15.066139,15.066139,19.077372,19.077372,232.39818,232.39818,234.59555,234.59555,39.6,39.6,0.2,0.2,20.48325100928882,20.48325100928882,234.59555,234.59555,0.10282191363052877,0.10282191363052877
2026-05-19 16:00:00-06:00,32.225,32.225,11.172953,11.172953,13.899956,13.899956,239.29024,239.29024,240.78728,240.78728,34.92,34.92,0.10000001,0.10000001,14.845107530193609,14.845107530193609,240.78728,240.78728,0.09543893777652837,0.09543893777652837
2026-05-19 17:00:00-06:00,31.0,31.0,8.634887,8.634887,10.903612,10.903612,247.46289,247.46289,248.29361,248.29361,27.0,27.0,0.25,0.25,11.696932057874282,11.696932057874282,248.29361,248.29361,0.10069679211817009,0.10069679211817009
2026-05-19 18:00:00-06:00,30.925,30.925,9.20396,9.20396,12.183039,12.183039,268.69373,268.69373,268.18512,268.18512,21.779999,21.779999,0.05,0.05,13.256760777779718,13.256760777779718,268.18512,268.18512,0.12242391429786037,0.12242391429786037
2026-05-19 19:00:00-06:00,30.3,30.3,7.156653,7.156653,10.031296,10.031296,269.20126,269.20126,272.3944,272.3944,20.16,20.16,0.0,0.0,11.110049990111886,11.110049990111886,272.3944,272.3944,0.1509014175091961,0.1509014175091961
2026-05-19 20:00:00-06:00,30.25,30.25,5.967428,5.967428,8.450163,8.450163,256.10605,256.10605,260.39172,260.39172,14.58,14.58,0.0,0.0,9.392079636841023,9.392079636841023,260.39172,260.39172,0.1528351705292441,0.1528351705292441
2026-05-19 21:00:00-06:00,30.025002,30.025002,5.387555,5.387555,8.597367,8.597367,284.8844,284.8844,288.74966,288.74966,11.879999,11.879999,0.0,0.0,9.899331333364081,9.899331333364081,288.74966,288.74966,0.2042453054650143,0.2042453054650143
2026-05-19 22:00:00-06:00,29.55,29.55,5.4545417,5.4545417,8.298138,8.298138,314.71448,314.71448,315.21948,315.21948,10.26,10.26,0.0,0.0,9.415341952211445,9.415341952211445,315.21948,315.21948,0.1820169338662336,0.1820169338662336
2026-05-19 23:00:00-06:00,29.025,29.025,5.840882,5.840882,9.324441,9.324441,331.4527,331.4527,323.1983,323.1983,11.699999,11.699999,0.0,0.0,10.744961839327305,10.744961839327305,323.1983,323.1983,0.20185355200744945,0.20185355200744945
